Graph_name,Title
portion_10_1.png,NSFCOREZ to PHPCORE2(aell 200)
portion_10_2.png,EHPCOREl—AEPCOREI ae9 : Intracapital Link(20G)
portion_10_3.png,)[APCORELPHPCOREZ A1210 : lntracapital Link(20G)
portion_10_4.png,TEPCOREI to EH'PCOREI (aelZ 1000')
portion_10_5.png,EHPCOREZAEPCOREZ ae10 : Intracapital Link(20G)
portion_10_6.png,EKPCORELGTPCOREHaell 1000)
portion_1_1.png,EKPCORE2 ‘o AEPCOREZ (aell 20G)
portion_1_2.png,.‘IYPCOREI to MAPCOREI (aelZ 20G)
portion_1_3.png,MAPCORELPHPCOREI A139 : Intracaoital Link(20G)
portion_1_4.png,N'NPCOREZ to PHPCORE2(aell 200)
portion_1_5.png,EHPCOREl-AEPCOREI ae9 : lntracanital Link(ZOG}
portion_1_6.png,MAPCOREl-PHPCOREZ A1310 : Intracapital Link(20G)
portion_2_7.png,)IAPCORELPHPCOREI AE9 : Intracapital Link(20G)
portion_2_8.png,N'N‘PCOREI to BEPCORE1(ael3 100G)
portion_2_9.png,3rd Link - PHPCOREI to EKPCORE1(et—4/0/10:0 10G)
portion_2_10.png,MAPCOREZ-PHPCOREZ A1310 : Intracanital LinkQOG)
portion_2_11.png,MYPCOREI to EIG’CORE1(aell 100G)
portion_2_12.png,3rd Link - AEPCOREI to BEPCORE2(et—4/0/10:0 lOG)
portion_11_7.png,NSFCOREZ to PHPCORE2(aell 200)
portion_11_8.png,EHPCOREl—AEPCOREI ae9 : Intracapital Link(20G)
portion_11_9.png,)[APCORELPHPCOREZ A1210 : lntracapital Link(20G)
portion_11_10.png,TEPCOREI to EH'PCOREI (aelZ 1000')
portion_11_11.png,EHPCOREZAEPCOREZ ae10 : Intracapital Link(20G)
portion_11_12.png,EKPCORELGTPCOREHaell 1000)
portion_3_13.png,3rd Link — PHPCOREI to EKPCORE1(et—4IO/10:0 10G)
portion_3_14.png,BrisbanePcoreE <—> Gold CoastPcore2_A.E9 : Intra capital Link(lOOG)
portion_3_15.png,MYPCOREl—TEPCORE I_AE9 : Intra capital Link(IOOG)
portion_3_16.png,3rd Link — AEPCOREI to BEPCORE2(et—4/0/10:0 lOG)
portion_3_17.png,Newington Pcorel<—> Erskine Park Pcorel: Intra capital Link — ”90000)
portion_3_18.png,Klounhvaverb' Pcox‘eZ <7> Tullamarine Pcom2:(ae9) Intra capital Link(100G)
portion_4_13.png,MYPCORELTEPCOREI AE9 : Intra capital LinkOOOG)
portion_4_14.png,"EKiGH Secondary Link 7 IPREKPISZA to IPRGHPISGA W Bundle, Ether-100000)"
portion_4_15.png,IPRSNPISI to D’RGHPISS BE40(4OG)
portion_4_16.png,Mountwaverh' PcoreZ <—> Tullamarine Pcore2:(ae9) Intra capital Link(100G)
portion_4_17.png,"EXJVN Primary Link 7 [PRVNPISZ to IPREXPISS W Bundle, Ether-100000)"
portion_4_18.png,IPRDICPISS-TEPCOREI :BElS :Intracapital Link-(100G)
portion_5_19.png,"EKiGH Secondary Link 7 IPREKPISZA to IPRGHPISGA 7 Bundle, Ether40(IDDG)"
portion_5_20.png,IPR§NP151 to [PRGHPISS 812400106)
portion_5_21.png,MYPCOREl—MYPCORELAEO : Intracapi‘al Liuk(ZOOG)
portion_5_22.png,EXnVN Primary Link 7 [PRNNPISZ to IPREXP156 7* Bundle Emmouooc)
portion_5_23.png,IPRBICPISS—TEPCOREIEEIS :Iutracapital Link-(100(3)
portion_5_24.png,IPRBCPISS-BEZ—BEPCOREl—AEI4—IOOGiG :Intracapital Link(100g)
portion_6_19.png,EXA’N Primary~ Link 7 IPRNNPISZ to IPREXPISG W Bundle Elher40(100G)
portion_6_20.png,IPR‘ICPISS—TEPCORE1:BE15 :Intracapital Link—(100(3)
portion_6_21.png,IPRBCPISS-BE2—BEPCORE1—AEl4—100GiG :Intracapital Link(100g)
portion_6_22.png,IPRMYPISI to IPRMXPISS 31340006)
portion_6_23.png,IPRSCP1SS-IPRNNPISZEE12-40GiG:Intracapital Link(40G)
portion_6_24.png,IPRSCPlSS—BEl3-—IPREXP156A—4OGiG
portion_7_25.png,Newingtnn Pcorel<~> Erskine Park Pcorel: Intra capital Link — ae9(lOOG)
portion_7_26.png,Blounm'm'erly PcoreZ <-> Tullamarine Pcore2:(ae9) Intra capital Link(100G)
portion_7_27.png,EX7.\'N Primary Link 7 IPRNNPISZ to IPREXPISG 7* Bundle Elher40(100G)
portion_7_28.png,Newingtnn PcoreZ<~> Erskine Park Pcorel: Intra capital Link - 399(1 OOG)
portion_7_29.png,EK—EX Primary -IPR£XP155 to IPREKPlSl -- Bundle-Ether40(100G)
portion_7_30.png,IPRMYPISI to IPRMXPISS BE40(ZOG)
portion_8_25.png,MYPCOREI to EKPCOREHaell 1000)
portion_8_26.png,3rd Link - AEPCOREI to BEPCOREZ(et—4/0/10:0 10G)
portion_8_27.png,Newingtnn Pcorel<-> Erskine Park Pcarel: Infra capital Link - ae9(] 000)
portion_8_28.png,N'NPCOREI to TEPCORE1(aell 1006)
portion_8_29.png,GTPCOREl-BEPCOREI AE9 : Inlra capital Link(100G)
portion_8_30.png,Newingtnn PcoreZ<-> Erskine Park PcoreZ: [ntra capital Link - ae9(]000)
portion_9_31.png,EHPCOREl-AEPCOREI ae9 : Intracapital Link(20G)
portion_9_32.png,SLAPCOREZ-PHPCOREZ AElO : Intracapital Link(20G]
portion_9_33.png,MYPCOREI to EKPCOREl(aell 100G)
portion_9_34.png,EHI’COREZAEPCOREZ ae10 : Intracanital Link(20G)
portion_9_35.png,EKPCOREl-GTPCOREHaelZ 1000)
portion_9_36.png,NNPCOREI to TEPCOREl(aell 1006)
